<?xml version="1.0" encoding="UTF-8"?>
<!DOCTYPE generatorConfiguration
  PUBLIC "-//mybatis.org//DTD MyBatis Generator Configuration 1.0//EN"
  "http://mybatis.org/dtd/mybatis-generator-config_1_0.dtd">

<generatorConfiguration>
<!-- 指定驱动包 -->
  <classPathEntry location="C:\Users\Administrator\.m2\repository\mysql\mysql-connector-java\5.1.46\mysql-connector-java-5.1.46.jar" />
<!-- 指定数据库连接字符串 -->
  <context id="DB2Tables" targetRuntime="MyBatis3">
    <jdbcConnection driverClass="com.mysql.jdbc.Driver"
        connectionURL="jdbc:mysql://localhost:3306/ovls"
        userId="root"
        password="1234">
    </jdbcConnection>

    <javaTypeResolver >
      <property name="forceBigDecimals" value="false" />
    </javaTypeResolver>
<!-- 指定实体类 -->
    <javaModelGenerator targetPackage="cn.xdl.ovls.entity" targetProject=".\src\main\java">
      <property name="enableSubPackages" value="true" />
      <property name="trimStrings" value="true" />
    </javaModelGenerator>
<!-- 指定sql定义文件 -->
    <sqlMapGenerator targetPackage="sql"  targetProject=".\src\main\resources">
      <property name="enableSubPackages" value="true" />
    </sqlMapGenerator>
<!-- 指定Mapper映射器接口type='XMLMAPPER' XML文件定义SQL; type='ANNOTATEDMAPPER' 注解SQL-->
    <javaClientGenerator type="ANNOTATEDMAPPER" targetPackage="cn.xdl.ovls.dao"  targetProject=".\src\main\java">
      <property name="enableSubPackages" value="true" />
    </javaClientGenerator>
<!-- 指定数据表 -->
    <table tableName="%" 
    	enableCountByExample="false" enableDeleteByExample="false"
    	enableSelectByExample="false" enableUpdateByExample="false">
    </table>

  </context>
</generatorConfiguration>